x,y
-5.0,-182.06571693977534
-5.0,-158.10733678702536
-5.0,-191.00966845120996
-4.995991983967936,-194.34874144716872
-4.979959919839679,-141.281802894713
-4.979959919839679,-196.05354725807345
-4.991983967935872,-178.2137180100935
-4.959919839679359,-188.8390280949232
-4.959919839679359,-206.9660589388335
-4.987975951903808,-160.29150253061303
-4.939879759519038,-157.36779911809887
-4.939879759519038,-215.51638933404107
-4.9839679358717435,-195.02035519189724
-4.919839679358717,-173.53811229190055
-4.919839679358717,-193.3051240508693
-4.979959919839679,-194.60579164074858
-4.8997995991983965,-169.06575521479786
-4.8997995991983965,-195.85659367700117
-4.975951903807616,-157.92513737531596
-4.8797595190380765,-168.63940035264753
-4.8797595190380765,-186.3255931886485
-4.971943887775551,-173.74761627915527
-4.859719438877756,-170.72213810332553
-4.859719438877756,-188.23469953289876
-4.967935871743487,-198.0732913643999
-4.839679358717435,-155.05735695719068
-4.839679358717435,-180.04189064657305
-4.963927855711423,-177.4206707778935
-4.819639278557114,-166.2864094007786
-4.819639278557114,-201.85068582802157
-4.959919839679359,-197.12886834388533
-4.799599198396794,-147.81630471702476
-4.799599198396794,-172.11224611920747
-4.955911823647295,-196.7643268448625
-4.779559118236473,-150.69170307627206
-4.779559118236473,-186.97413736414904
-4.95190380761523,-182.20027768944263
-4.759519038076152,-151.60125306089145
-4.759519038076152,-156.88811926851633
-4.947895791583166,-224.89549303639677
-4.739478957915832,-159.72326651527138
-4.739478957915832,-196.44762885599093
-4.943887775551103,-220.7191831048373
-4.719438877755511,-152.86799078416027
-4.719438877755511,-158.17696377815653
-4.939879759519038,-197.0580882532769
-4.69939879759519,-131.00594340431684
-4.69939879759519,-179.36815003976346
-4.935871743486974,-205.66104380525846
-4.679358717434869,-132.9571783793296
-4.679358717434869,-190.24220624791204
-4.9318637274549095,-178.71213060669564
-4.659318637274549,-153.2820744144341
-4.659318637274549,-185.87703325327067
-4.927855711422846,-202.75078637266176
-4.6392785571142285,-135.29020756739033
-4.6392785571142285,-181.58540177174353
-4.923847695390782,-212.4301778498718
-4.619238476953908,-123.68442027308146
-4.619238476953908,-168.59273792762954
-4.919839679358717,-154.46549837664207
-4.599198396793588,-158.18488159460924
-4.599198396793588,-165.30127005725618
-4.915831663326653,-187.8889402813766
-4.579158316633267,-123.19546673636488
-4.579158316633267,-179.95136968114258
-4.9118236472945895,-181.61836089281255
-4.559118236472946,-139.5007369515159
-4.559118236472946,-169.92669945124294
-4.907815631262525,-211.0599692378042
-4.539078156312625,-119.23130689552835
-4.539078156312625,-135.6562315452478
-4.903807615230461,-193.04930995672865
-4.519038076152305,-137.48142775233848
-4.519038076152305,-140.11939285269005
-4.8997995991983965,-179.5404226641301
-4.498997995991984,-151.36132422746496
-4.498997995991984,-157.74323767238667
-4.895791583166333,-204.3765336519753
-4.478957915831663,-146.97003214340663
-4.478957915831663,-161.98684340263617
-4.891783567134269,-173.44105764860362
-4.458917835671342,-120.11762648811039
-4.458917835671342,-159.0384307872572
-4.887775551102204,-192.5667156063538
-4.438877755511022,-115.23822224113482
-4.438877755511022,-149.9312901760008
-4.88376753507014,-185.9873080904634
-4.4188376753507015,-131.00707389934715
-4.4188376753507015,-172.7842130007571
-4.8797595190380765,-191.78762373365242
-4.398797595190381,-106.18475978468665
-4.398797595190381,-159.62429472769742
-4.875751503006012,-142.30855291488535
-4.37875751503006,-139.02077884253427
-4.37875751503006,-179.12673901666372
-4.871743486973948,-179.22525255104216
-4.35871743486974,-113.43646693979292
-4.35871743486974,-146.456923121004
-4.867735470941883,-199.71128403552748
-4.338677354709419,-128.97071752837792
-4.338677354709419,-141.09753543639994
-4.86372745490982,-161.7084901770651
-4.318637274549098,-118.95608495195019
-4.318637274549098,-156.4263402694084
-4.859719438877756,-202.17914955754873
-4.298597194388778,-106.85344801011142
-4.298597194388778,-123.95462663050714
-4.855711422845691,-173.18845758699942
-4.278557114228457,-118.86928095686385
-4.278557114228457,-164.34956542263967
-4.851703406813627,-216.16314929730993
-4.258517034068136,-110.14278540245014
-4.258517034068136,-166.34007544215007
-4.847695390781563,-203.1380491476433
-4.238476953907815,-87.7041029366798
-4.238476953907815,-139.43171779649683
-4.843687374749499,-172.2422484332795
-4.218436873747495,-109.88853873897696
-4.218436873747495,-125.5286861569474
-4.839679358717435,-161.01584977645487
-4.198396793587174,-87.1490191325696
-4.198396793587174,-114.4254854416787
-4.83567134268537,-171.96408683666544
-4.1783567134268536,-115.09176995785589
-4.1783567134268536,-145.02943108102573
-4.831663326653307,-177.31125166441885
-4.158316633266534,-88.67334871157937
-4.158316633266534,-120.44019887883917
-4.8276553106212425,-180.62775557040302
-4.138276553106213,-73.48355594147324
-4.138276553106213,-135.68471229385236
-4.823647294589178,-203.7840788073899
-4.118236472945892,-130.68080796384453
-4.118236472945892,-136.19554996104748
-4.819639278557114,-188.21904182250722
-4.098196392785571,-104.07095755499029
-4.098196392785571,-118.86262966063305
-4.81563126252505,-182.64401265521496
-4.078156312625251,-81.98511983747169
-4.078156312625251,-120.8563585689785
-4.811623246492986,-151.8984328335681
-4.05811623246493,-92.22279203016404
-4.05811623246493,-152.82299359428288
-4.807615230460922,-165.77871184271226
-4.038076152304609,-82.15802081622579
-4.038076152304609,-105.57710367090698
-4.803607214428858,-207.52264078536595
-4.018036072144288,-95.34522428859012
-4.018036072144288,-105.58407617564103
-4.799599198396794,-165.39147771582645
-3.9979959919839683,-83.55892885144198
-3.9979959919839683,-134.2412161861784
-4.7955911823647295,-179.1866811329279
-3.9779559118236474,-85.77730668556865
-3.9779559118236474,-117.50509515312632
-4.791583166332665,-184.6359125605549
-3.9579158316633265,-64.52178474725585
-3.9579158316633265,-114.62806287791189
-4.787575150300601,-158.47694203009414
-3.937875751503006,-76.830517277258
-3.937875751503006,-116.73672343941759
-4.783567134268537,-149.70403044579672
-3.9178356713426856,-74.20300269827317
-3.9178356713426856,-127.5216199370825
-4.779559118236473,-151.31252905221106
-3.8977955911823647,-84.0772599827092
-3.8977955911823647,-127.97345600994296
-4.775551102204409,-186.33714950150903
-3.877755511022044,-83.85706358312068
-3.877755511022044,-116.92628128690495
-4.771543086172345,-175.3522708339905
-3.8577154308617234,-81.686961351023
-3.8577154308617234,-97.60765324483822
-4.767535070140281,-162.15853525988024
-3.837675350701403,-67.94913000112803
-3.837675350701403,-105.711909817886
-4.763527054108216,-148.88923782125178
-3.817635270541082,-78.85965995440277
-3.817635270541082,-118.10410772339041
-4.759519038076152,-177.6005171148011
-3.7975951903807617,-66.88885920701571
-3.7975951903807617,-99.66000140073673
-4.755511022044089,-171.34765901750376
-3.777555110220441,-38.80661982305427
-3.777555110220441,-152.66577111218697
-4.751503006012024,-189.37918083650243
-3.7575150300601203,-55.5844231282894
-3.7575150300601203,-91.41980817418323
-4.74749498997996,-190.79517006965892
-3.7374749498997994,-72.26677238491048
-3.7374749498997994,-133.47212608406437
-4.7434869739478955,-150.2396313450211
-3.717434869739479,-48.09475184900513
-3.717434869739479,-111.54957480251129
-4.739478957915832,-138.98501101323097
-3.6973947895791586,-70.98199982314644
-3.6973947895791586,-121.65591764721533
-4.735470941883768,-167.17023100856576
-3.6773547094188377,-94.19196477998143
-3.6773547094188377,-123.04031888812722
-4.731462925851703,-145.28014042568645
-3.657314629258517,-77.51188962954089
-3.657314629258517,-84.97819315510203
-4.727454909819639,-157.73940011708507
-3.6372745490981964,-89.2341943944538
-3.6372745490981964,-108.18783359874433
-4.7234468937875755,-177.4963899862808
-3.617234468937876,-65.23791256363577
-3.617234468937876,-94.76765207705542
-4.719438877755511,-156.988508715467
-3.597194388777555,-58.49295516063123
-3.597194388777555,-99.47303953166227
-4.715430861723447,-133.07866669677605
-3.5771543086172346,-32.437769242155994
-3.5771543086172346,-90.42871651793841
-4.7114228456913825,-164.1794468914446
-3.557114228456914,-51.50654564083002
-3.557114228456914,-95.25812788138863
-4.707414829659319,-131.79413157249232
-3.5370741482965933,-58.53407245447326
-3.5370741482965933,-114.49244788516884
-4.703406813627255,-215.10653546015763
-3.5170340681362724,-41.65452174452061
-3.5170340681362724,-79.15160317056583
-4.69939879759519,-145.8987617041987
-3.496993987975952,-86.1215604130528
-3.496993987975952,-100.3608795253542
-4.695390781563126,-160.22159817771723
-3.4769539078156315,-48.29007380854072
-3.4769539078156315,-115.17302066006548
-4.6913827655310625,-167.56896325369922
-3.4569138276553106,-39.14186347151659
-3.4569138276553106,-97.12656879430978
-4.687374749498998,-159.3804259803835
-3.4368737474949898,-71.77492377443201
-3.4368737474949898,-67.08473322821973
-4.683366733466934,-200.5943932483203
-3.4168336673346693,-31.341799366649283
-3.4168336673346693,-75.74478388305083
-4.679358717434869,-164.86437395044555
-3.396793587174349,-42.33328675930554
-3.396793587174349,-92.64051488783963
-4.675350701402806,-152.95715340672407
-3.376753507014028,-52.56326907799609
-3.376753507014028,-91.5728159342605
-4.671342685370742,-130.1705396049497
-3.3567134268537075,-35.77598622729013
-3.3567134268537075,-90.09223998714515
-4.667334669338677,-169.72338716131833
-3.336673346693387,-10.151583263700921
-3.336673346693387,-53.060756377354245
-4.663326653306613,-175.15796339670544
-3.3166332665330662,-40.43869399009815
-3.3166332665330662,-77.43765603250228
-4.659318637274549,-168.6538866141466
-3.2965931863727453,-38.40849219084967
-3.2965931863727453,-75.68117627748867
-4.655310621242485,-139.9419032663329
-3.276553106212425,-47.997680842852105
-3.276553106212425,-65.65301553927081
-4.651302605210421,-151.3066683930905
-3.2565130260521045,-52.84070416197276
-3.2565130260521045,-76.51120123460318
-4.647294589178356,-168.10918432921278
-3.2364729458917836,-26.63402925879251
-3.2364729458917836,-82.97469869426675
-4.643286573146293,-146.88146557455752
-3.2164328657314627,-50.93656011009152
-3.2164328657314627,-81.04055045773319
-4.6392785571142285,-154.8386411618679
-3.1963927855711423,-36.03820541606112
-3.1963927855711423,-78.18571786556296
-4.635270541082164,-137.0412137929133
-3.176352705410822,-43.30306867795758
-3.176352705410822,-76.69654052412845
-4.6312625250501,-170.0896400922855
-3.156312625250501,-27.990081052493217
-3.156312625250501,-64.2603352841344
-4.627254509018036,-162.23682852797305
-3.1362725450901805,-29.216433492516767
-3.1362725450901805,-73.4421767847115
-4.623246492985972,-163.1612984237385
-3.11623246492986,-17.714819422852166
-3.11623246492986,-62.28831742848696
-4.619238476953908,-184.22552608630065
-3.096192384769539,-39.9946366770534
-3.096192384769539,-73.55513939586093
-4.615230460921843,-148.66945495610173
-3.0761523046092183,-35.46885713460036
-3.0761523046092183,-70.24120525045844
-4.61122244488978,-149.00792965238927
-3.056112224448898,-45.18835326720224
-3.056112224448898,-100.47990779844923
-4.6072144288577155,-153.76448140027716
-3.0360721442885774,-36.26723458202148
-3.0360721442885774,-55.857920560342585
-4.603206412825651,-158.1967490900009
-3.0160320641282565,-23.04899187160769
-3.0160320641282565,-63.511172128810585
-4.599198396793588,-181.45121721879696
-2.995991983967936,-16.469010750833533
-2.995991983967936,-52.85368835261903
-4.595190380761523,-161.1960444679923
-2.975951903807615,-40.78128945408831
-2.975951903807615,-110.39264026432926
-4.591182364729459,-159.2773032714094
-2.9559118236472948,-13.039270949270104
-2.9559118236472948,-34.757739179144096
-4.587174348697395,-168.10897216047474
-2.935871743486974,-4.8928743075769034
-2.935871743486974,-67.32128661197878
-4.58316633266533,-154.93009336519685
-2.9158316633266534,-18.179485070301073
-2.9158316633266534,-47.75826636759384
-4.579158316633267,-143.26485248577313
-2.8957915831663326,4.607926439655607
-2.8957915831663326,-79.14259965559836
-4.575150300601202,-113.26417983608002
-2.875751503006012,-34.323238277225336
-2.875751503006012,-53.5247917147332
-4.571142284569138,-147.13890720360683
-2.8557114228456917,-40.56794950504104
-2.8557114228456917,-77.69936240297463
-4.567134268537075,-145.12255822115452
-2.835671342685371,-47.76995218721784
-2.835671342685371,-70.44568286409074
-4.56312625250501,-151.40612351539906
-2.8156312625250504,2.1512541759702017
-2.8156312625250504,-31.578940188365753
-4.559118236472946,-187.93680487330903
-2.7955911823647295,-9.68338194904467
-2.7955911823647295,-62.35910280580573
-4.5551102204408815,-149.73636926003834
-2.775551102204409,-19.551239122118655
-2.775551102204409,-55.45597596076598
-4.551102204408818,-147.64673416611947
-2.755511022044088,-13.745639604733235
-2.755511022044088,-44.894153039199225
-4.547094188376754,-99.23227777296704
-2.7354709418837677,-34.0642540378815
-2.7354709418837677,-49.746690008816785
-4.543086172344689,-151.9906556335615
-2.715430861723447,20.25861093832053
-2.715430861723447,-54.171385178778216
-4.539078156312625,-141.7593400777535
-2.6953907815631264,-13.744054263324369
-2.6953907815631264,-50.2079569559594
-4.5350701402805615,-148.13190678992447
-2.6753507014028055,-13.30505783123931
-2.6753507014028055,-18.89474597173858
-4.531062124248497,-170.4591501181978
-2.655310621242485,-3.3319443803754396
-2.655310621242485,-55.082725694359596
-4.527054108216433,-123.87758415777499
-2.6352705410821646,-6.284577193375561
-2.6352705410821646,-50.48322996870175
-4.5230460921843685,-131.34436360257547
-2.6152304609218437,-9.431486888681189
-2.6152304609218437,-37.02993131275398
-4.519038076152305,-130.21190146333979
-2.5951903807615233,-23.945607031705368
-2.5951903807615233,-35.505601205655935
-4.515030060120241,-163.87033760132604
-2.5751503006012024,-4.323870864703032
-2.5751503006012024,-33.59044163833727
-4.511022044088176,-117.2772819549674
-2.555110220440882,17.518450418261317
-2.555110220440882,-41.13096369842641
-4.507014028056112,-173.0213002785075
-2.535070140280561,10.14479636009122
-2.535070140280561,-67.1815780231907
-4.5030060120240485,-132.89877879003018
-2.5150300601202407,14.52818955689601
-2.5150300601202407,-24.868136858178502
-4.498997995991984,-100.47898020129759
-2.49498997995992,-16.379420417560567
-2.49498997995992,-65.9063661663731
-4.49498997995992,-163.75152129334703
-2.4749498997995993,-22.905254632149862
-2.4749498997995993,-43.52165034968565
-4.490981963927855,-154.91998109148622
-2.4549098196392785,-9.30635652656888
-2.4549098196392785,-58.733690475364526
-4.486973947895792,-141.25476015552368
-2.434869739478958,-5.9503744880155764
-2.434869739478958,-47.748323371240886
-4.482965931863728,-152.97159036028103
-2.4148296593186376,10.251652396133437
-2.4148296593186376,-41.229784226378584
-4.478957915831663,-173.57016419648184
-2.3947895791583167,-30.93139050739496
-2.3947895791583167,-40.72406282991857
-4.474949899799599,-140.84098246644922
-2.3747494989979963,18.00745286649339
-2.3747494989979963,-38.606990611886545
-4.470941883767535,-163.11419032839768
-2.3547094188376754,-6.705433161689186
-2.3547094188376754,-20.12964564712464
-4.466933867735471,-132.05266885005955
-2.334669338677355,-10.146127094493744
-2.334669338677355,-36.939896522572745
-4.462925851703407,-159.56993048759549
-2.314629258517034,-18.340108351996747
-2.314629258517034,-46.82089225245396
-4.458917835671342,-109.84021258768033
-2.2945891783567136,-27.405011505270416
-2.2945891783567136,-28.120853902958515
-4.454909819639279,-156.16194757850974
-2.2745490981963927,10.333839890733223
-2.2745490981963927,-24.17166153482589
-4.4509018036072145,-146.59661887198126
-2.2545090180360723,-0.3533972503472249
-2.2545090180360723,-59.86728398522817
-4.44689378757515,-123.54407640257274
-2.2344689378757514,-20.24987030267715
-2.2344689378757514,-31.93945575881347
-4.442885771543086,-164.0912642804461
-2.214428857715431,-19.781722305658093
-2.214428857715431,-29.837949590040374
-4.438877755511022,-134.58486107487445
-2.1943887775551105,-4.855140712796878
-2.1943887775551105,-44.28182277384484
-4.434869739478958,-112.65181072357439
-2.1743486973947896,25.746425865712112
-2.1743486973947896,-18.653294813954492
-4.430861723446894,-170.6054603834761
-2.154308617234469,-2.660943076553586
-2.154308617234469,-41.017906611587414
-4.42685370741483,-134.4247718590836
-2.1342685370741483,-20.799993608472853
-2.1342685370741483,-36.369202509628124
-4.422845691382766,-132.5819695503754
-2.114228456913828,-1.4323242025673686
-2.114228456913828,-40.34225560553625
-4.4188376753507015,-121.8058670872348
-2.094188376753507,-1.3378648518895275
-2.094188376753507,-37.01332559195245
-4.414829659318637,-161.8445601232895
-2.0741482965931866,-37.2085998598578
-2.0741482965931866,-53.19942651916225
-4.410821643286573,-163.1784214595567
-2.0541082164328657,2.9145803199312255
-2.0541082164328657,-57.871759921216004
-4.406813627254509,-125.99472270055975
-2.0340681362725452,0.7419296306490786
-2.0340681362725452,-11.876476467846167
-4.402805611222445,-130.1586464998304
-2.0140280561122244,15.118676343865449
-2.0140280561122244,-48.02883935311075
-4.398797595190381,-130.7537896594297
-1.993987975951904,32.872292894689195
-1.993987975951904,-49.73293377133559
-4.394789579158317,-128.50050954220438
-1.9739478957915835,22.491583112686
-1.9739478957915835,-66.70774403458609
-4.390781563126253,-148.69631520714054
-1.9539078156312626,2.007767399379439
-1.9539078156312626,-43.543328457640634
-4.386773547094188,-130.1176134670944
-1.9338677354709422,-10.115918606763426
-1.9338677354709422,-53.364376876750846
-4.382765531062124,-128.56862378408832
-1.9138276553106213,45.51616980735261
-1.9138276553106213,-8.453999839349763
-4.37875751503006,-148.38500626902723
-1.8937875751503008,8.23083075980428
-1.8937875751503008,-17.510189410273533
-4.374749498997996,-96.45091077641999
-1.87374749498998,7.971302165158443
-1.87374749498998,-42.55989239120161
-4.370741482965932,-123.95868371795851
-1.8537074148296595,7.813370351742375
-1.8537074148296595,1.9617837385570596
-4.3667334669338675,-156.9308708768771
-1.8336673346693386,11.552525566045173
-1.8336673346693386,-16.692263540598738
-4.362725450901804,-119.643704830215
-1.8136272545090182,6.81502738516571
-1.8136272545090182,-35.89203718860449
-4.35871743486974,-151.9389033646296
-1.7935871743486977,0.767903072837246
-1.7935871743486977,-68.11825254706281
-4.354709418837675,-116.37458734323668
-1.7735470941883769,1.5556171611251575
-1.7735470941883769,4.122639868592163
-4.350701402805611,-108.61589341043796
-1.7535070140280564,9.646187111011443
-1.7535070140280564,-50.70610083720252
-4.346693386773547,-147.87349265830508
-1.7334669338677355,2.358464551751334
-1.7334669338677355,-54.17114508559556
-4.342685370741483,-111.86488034894056
-1.713426853707415,0.18291269224857132
-1.713426853707415,-13.785844087449359
-4.338677354709419,-122.5498559932111
-1.6933867735470942,12.831277809730427
-1.6933867735470942,7.831110489441066
-4.3346693386773545,-114.03785749941008
-1.6733466933867738,7.762901032438622
-1.6733466933867738,-7.648348428590774
-4.330661322645291,-92.21730139651132
-1.653306613226453,34.49374724850067
-1.653306613226453,-19.607510779454262
-4.326653306613227,-134.73553751655624
-1.6332665330661325,-27.490795064360697
-1.6332665330661325,-18.80493281348623
-4.322645290581162,-144.57762604086224
-1.6132264529058116,28.97990928706666
-1.6132264529058116,-14.591460110065652
-4.318637274549098,-146.96883192742825
-1.5931863727454911,31.625841936466372
-1.5931863727454911,-15.681507104196589
-4.3146292585170345,-145.17090225311054
-1.5731462925851707,-17.845280513115295
-1.5731462925851707,-22.526555667452417
-4.31062124248497,-130.073396212333
-1.5531062124248498,8.430067658195389
-1.5531062124248498,-24.86660187132124
-4.306613226452906,-121.38549986301925
-1.5330661322645294,8.307425137401934
-1.5330661322645294,-27.05985879115403
-4.302605210420841,-122.3524121867917
-1.5130260521042085,-6.931084484789958
-1.5130260521042085,-37.127877897022785
-4.298597194388778,-111.02076309913716
-1.492985971943888,2.8108379706089917
-1.492985971943888,-29.73203786852949
-4.294589178356714,-126.98310085487728
-1.4729458917835672,-1.8900592200084763
-1.4729458917835672,-50.62577375095183
-4.290581162324649,-97.8516780816659
-1.4529058116232467,41.33716640900805
-1.4529058116232467,-26.421984644267543
-4.286573146292585,-131.895227155434
-1.4328657314629258,29.366906357864146
-1.4328657314629258,-39.49713614661153
-4.282565130260521,-71.87894757191773
-1.4128256513026054,34.67781528504275
-1.4128256513026054,-40.949350898106196
-4.278557114228457,-113.44973352230444
-1.3927855711422845,26.696514205892516
-1.3927855711422845,-21.430154487453834
-4.274549098196393,-142.78748995437073
-1.372745490981964,-0.8031646631095146
-1.372745490981964,-2.9873537996820847
-4.270541082164328,-146.7439555239406
-1.3527054108216436,8.520269134804435
-1.3527054108216436,-9.837177780964264
-4.266533066132265,-115.35893199644761
-1.3326653306613228,23.97848362437496
-1.3326653306613228,-46.919643848391466
-4.2625250501002006,-129.16041836202754
-1.3126252505010023,-1.4498807082089762
-1.3126252505010023,-37.962385623384854
-4.258517034068136,-110.09444235716093
-1.2925851703406814,27.815611528384785
-1.2925851703406814,-8.767797104377797
-4.254509018036072,-114.59349617400392
-1.272545090180361,13.748828474626272
-1.272545090180361,-37.38360145607635
-4.250501002004008,-125.199129801751
-1.25250501002004,11.958995714680109
-1.25250501002004,-25.788189422031298
-4.246492985971944,-140.3632348634736
-1.2324649298597197,28.4678780307845
-1.2324649298597197,-13.945740006899594
-4.24248496993988,-153.40961963335482
-1.2124248496993988,24.68421944786892
-1.2124248496993988,-36.50489704737621
-4.238476953907815,-131.72879411623683
-1.1923847695390783,12.817237433332302
-1.1923847695390783,-20.1876374871921
-4.234468937875752,-105.35684403509951
-1.1723446893787575,35.827854282472245
-1.1723446893787575,-41.57247519176454
-4.2304609218436875,-117.88977441073766
-1.152304609218437,2.422900084905775
-1.152304609218437,-30.381664660363967
-4.226452905811623,-146.77375837814137
-1.1322645290581166,28.073640614625447
-1.1322645290581166,-16.368664477400454
-4.22244488977956,-118.08320154991179
-1.1122244488977957,27.921743925361902
-1.1122244488977957,-44.86968094713889
-4.218436873747495,-113.52881310155298
-1.0921843687374753,14.56755733447419
-1.0921843687374753,-14.182125006409972
-4.214428857715431,-138.60115302919405
-1.0721442885771544,24.28323673829281
-1.0721442885771544,-20.903325579239176
-4.210420841683367,-117.53884838883661
-1.052104208416834,0.8000321406434416
-1.052104208416834,-12.145914897319798
-4.206412825651302,-119.13902454862382
-1.032064128256513,33.59769064672925
-1.032064128256513,-16.904002630404346
-4.202404809619239,-142.8529551048606
-1.0120240480961926,17.129406363780298
-1.0120240480961926,0.3650448600327949
-4.198396793587174,-112.52865360658106
-0.9919839679358722,12.22289792319144
-0.9919839679358722,-18.057889229304358
-4.19438877755511,-108.16006299976176
-0.9719438877755513,35.95488649699064
-0.9719438877755513,-26.2213350074415
-4.190380761523047,-97.40658203916857
-0.9519038076152304,9.805845976820372
-0.9519038076152304,-17.79453611955398
-4.186372745490982,-97.68391951317825
-0.9318637274549104,-0.6093682487471135
-0.9318637274549104,-11.332978367747899
-4.182364729458918,-146.00620145356172
-0.9118236472945895,-2.6899916190318383
-0.9118236472945895,-18.607652961287712
-4.1783567134268536,-136.90266793629408
-0.8917835671342687,29.886883255663516
-0.8917835671342687,-18.594390646462845
-4.174348697394789,-107.53931395410501
-0.8717434869739478,1.7230232033744866
-0.8717434869739478,-29.600411826282595
-4.170340681362726,-107.25865117072233
-0.8517034068136278,47.37959551876747
-0.8517034068136278,-28.88583097426222
-4.166332665330661,-106.92826569762218
-0.8316633266533069,-10.047500949071235
-0.8316633266533069,-39.85763890781081
-4.162324649298597,-39.869936803200474
-0.811623246492986,46.74762944487293
-0.811623246492986,7.544435068326449
-4.158316633266534,-105.20260116644528
-0.7915831663326651,24.58102434021042
-0.7915831663326651,-37.242186198698136
-4.154308617234469,-93.60544052585894
-0.7715430861723451,20.075727015230903
-0.7715430861723451,-28.86715427365182
-4.150300601202405,-96.93355680760456
-0.7515030060120242,13.459029990890917
-0.7515030060120242,-29.143292690512794
-4.1462925851703405,-102.68310221187252
-0.7314629258517034,27.722030135823175
-0.7314629258517034,-4.841145925291268
-4.142284569138276,-121.71414331752418
-0.7114228456913834,21.26846782862076
-0.7114228456913834,-22.59125680938693
-4.138276553106213,-99.9277008414764
-0.6913827655310625,38.47639264578296
-0.6913827655310625,0.6429955056411449
-4.134268537074148,-130.26241162230002
-0.6713426853707416,23.730079591253514
-0.6713426853707416,-28.08569450233511
-4.130260521042084,-119.24159641382475
-0.6513026052104207,24.356964413440846
-0.6513026052104207,-13.712649575130289
-4.1262525050100205,-123.91230666403864
-0.6312625250501007,16.730048912052435
-0.6312625250501007,-30.345973703636087
-4.122244488977956,-112.26785844280471
-0.6112224448897798,21.407911105905537
-0.6112224448897798,14.439332378322376
-4.118236472945892,-67.31296912846501
-0.591182364729459,26.953102913433252
-0.591182364729459,-35.47789990539033
-4.114228456913827,-150.65273686719036
-0.5711422845691381,-3.246302750440818
-0.5711422845691381,-12.946466207186024
-4.110220440881764,-99.28401469698834
-0.5511022044088181,2.2498026973603062
-0.5511022044088181,-8.020762757072522
-4.1062124248497,-144.96581396678445
-0.5310621242484972,33.684168748161255
-0.5310621242484972,-11.257806200407
-4.102204408817635,-121.85290406036934
-0.5110220440881763,25.157122927107125
-0.5110220440881763,-20.18517352797763
-4.098196392785571,-90.33851678358582
-0.4909819639278563,19.88968432491407
-0.4909819639278563,-19.297876125797135
-4.094188376753507,-110.53568170982633
-0.47094188376753543,22.97764366800606
-0.47094188376753543,-16.641693248288195
-4.090180360721443,-133.0804220232608
-0.45090180360721455,27.963016130231633
-0.45090180360721455,-19.455739474620763
-4.086172344689379,-125.53633564063661
-0.43086172344689366,14.697555088063893
-0.43086172344689366,-2.7478629553720393
-4.082164328657314,-97.34353169901648
-0.41082164328657367,11.160591308839575
-0.41082164328657367,15.99300721374453
-4.078156312625251,-125.24853437952251
-0.3907815631262528,25.810653356937486
-0.3907815631262528,-25.48940224464524
-4.074148296593187,-106.0182344798937
-0.3707414829659319,8.231843939428686
-0.3707414829659319,-37.639609090032
-4.070140280561122,-109.1426630723808
-0.350701402805611,29.0623850342929
-0.350701402805611,-18.385637026693
-4.066132264529058,-122.79328910775453
-0.330661322645291,-2.5722569591745232
-0.330661322645291,21.662137169207856
-4.062124248496994,-66.59007095425682
-0.31062124248497014,38.428528670146456
-0.31062124248497014,-29.063924409284162
-4.05811623246493,-96.49873079315893
-0.29058116232464926,30.10169524153347
-0.29058116232464926,7.599485086998838
-4.054108216432866,-149.38860899874456
-0.27054108216432926,26.871608093485147
-0.27054108216432926,8.196674289923623
-4.050100200400801,-104.86580413728137
-0.2505010020040084,37.78689437891792
-0.2505010020040084,-25.25729400588471
-4.046092184368738,-121.54023964980625
-0.2304609218436875,48.04100058430692
-0.2304609218436875,-8.406369894852595
-4.0420841683366735,-90.96594994866024
-0.2104208416833666,38.283824236104
-0.2104208416833666,7.49422260776012
-4.038076152304609,-123.57562368544944
-0.19038076152304662,-4.5383675306922875
-0.19038076152304662,-22.612170175529915
-4.034068136272545,-109.7310156140954
-0.17034068136272573,3.884695740839626
-0.17034068136272573,-19.97535515966028
-4.030060120240481,-97.04810428254828
-0.15030060120240485,13.706855792330998
-0.15030060120240485,-25.646079251463476
-4.026052104208417,-89.54479387927971
-0.13026052104208397,23.468512629273835
-0.13026052104208397,-32.144204084281675
-4.022044088176353,-130.57835824113386
-0.11022044088176397,30.8373210931033
-0.11022044088176397,-26.666727389923654
-4.018036072144289,-112.97547120467185
-0.09018036072144309,12.178892279485416
-0.09018036072144309,-35.29405452464645
-4.014028056112225,-115.49785276309149
-0.0701402805611222,25.856537704586195
-0.0701402805611222,-16.433711738681588
-4.01002004008016,-118.77951452123781
-0.05010020040080221,11.711700371850332
-0.05010020040080221,-28.507154108729456
-4.006012024048096,-70.11831128559142
-0.030060120240481325,13.854555080224474
-0.030060120240481325,-13.465889198035086
-4.002004008016032,-97.04271059868925
-0.010020040080160442,1.9098013777231215
-0.010020040080160442,-40.328716862607955
-3.9979959919839683,-130.0754547502364
0.010020040080160442,9.141181070670731
0.010020040080160442,-12.047116754448849
-3.993987975951904,-86.21644930068578
0.030060120240480437,2.691987125678066
0.030060120240480437,-4.529809365943061
-3.9899799599198396,-61.84695822607999
0.05010020040080132,8.304396667708637
0.05010020040080132,-46.963539176203206
-3.9859719438877756,-83.35765183985338
0.0701402805611222,38.720072757944415
0.0701402805611222,-11.473705643459596
-3.9819639278557117,-134.11171182817927
0.09018036072144309,8.645172205974358
0.09018036072144309,1.301190425552888
-3.9779559118236474,-113.12682961201249
0.11022044088176308,62.340403912965385
0.11022044088176308,-35.28994233996356
-3.973947895791583,-77.82224061759601
0.13026052104208397,30.220814817049078
0.13026052104208397,7.90963210640129
-3.969939879759519,-117.0326477750844
0.15030060120240485,25.5578657733261
0.15030060120240485,-10.929390941606327
-3.965931863727455,-93.72214378959058
0.17034068136272484,9.872187369043942
0.17034068136272484,-27.82762376461399
-3.961923847695391,-86.82560381584754
0.19038076152304573,33.21243324570391
0.19038076152304573,-18.128751110296548
-3.9579158316633265,-120.57712510371462
0.2104208416833666,14.031497761912924
0.2104208416833666,-8.959031156694632
-3.9539078156312626,-102.94973145059399
0.2304609218436875,24.452589883329892
0.2304609218436875,-16.237476465164356
-3.9498997995991987,-166.30575727111756
0.2505010020040075,60.978233942266634
0.2505010020040075,-9.341694245069744
-3.9458917835671343,-121.68982653365974
0.2705410821643284,21.08878456252136
0.2705410821643284,-31.280420837799387
-3.94188376753507,-105.9755766826216
0.29058116232464926,39.719742417559644
0.29058116232464926,-14.978945116184324
-3.937875751503006,-125.60249356607318
0.31062124248497014,11.88224617515245
0.31062124248497014,-38.775824901533944
-3.933867735470942,-67.72169605808133
0.33066132264529013,21.852654076391293
0.33066132264529013,-19.290909486384784
-3.929859719438878,-128.69631745747134
0.350701402805611,48.885466992377886
0.350701402805611,-31.235157164126612
-3.9258517034068134,-108.61842255903659
0.3707414829659319,12.863363046378653
0.3707414829659319,-28.76508022565133
-3.9218436873747495,-96.92723898519371
0.3907815631262519,49.39749245900528
0.3907815631262519,0.7521617172079136
-3.9178356713426856,-70.4415768480789
0.4108216432865728,32.76847030640179
0.4108216432865728,-1.4781569165163102
-3.9138276553106213,-127.70975175782948
0.43086172344689366,13.655197120491906
0.43086172344689366,-8.770729427486426
-3.909819639278557,-75.45517341602161
0.45090180360721455,31.51695091704881
0.45090180360721455,-34.353856638872685
-3.905811623246493,-98.2402001973365
0.47094188376753454,36.5564645250567
0.47094188376753454,-22.777978964766277
-3.901803607214429,-117.80192024470882
0.4909819639278554,31.231335329638966
0.4909819639278554,0.10065139606876827
-3.8977955911823647,-88.65703600560677
0.5110220440881763,-1.7143733308091895
0.5110220440881763,-16.03524882785377
-3.8937875751503004,-93.64574192131278
0.5310621242484972,10.865573145938486
0.5310621242484972,16.56257388303693
-3.8897795591182365,-109.35957540634243
0.5511022044088172,17.99235459955588
0.5511022044088172,-12.39509827625597
-3.8857715430861726,-95.68796949591164
0.5711422845691381,20.520054368753616
0.5711422845691381,-15.482707447395214
-3.881763527054108,-104.51952738134054
0.591182364729459,30.87702555300511
0.591182364729459,-23.069802873292574
-3.877755511022044,-94.27262331700831
0.611222444889779,24.16186228945502
0.611222444889779,-16.50053915280955
-3.87374749498998,-83.03054165276168
0.6312625250500998,1.3946482708924381
0.6312625250500998,-20.862233894164202
-3.869739478957916,-64.28347349833304
0.6513026052104207,27.05535927225348
0.6513026052104207,-8.025978342507113
-3.8657314629258517,-120.49124384642937
0.6713426853707416,30.437915310729636
0.6713426853707416,-4.37033611660895
-3.8617234468937878,-52.80585940970103
0.6913827655310616,29.601931532590182
0.6913827655310616,-30.584767093994657
-3.857715430861724,-134.24034452417874
0.7114228456913825,37.34198772609609
0.7114228456913825,-38.8382174605899
-3.8537074148296595,-97.96682027699784
0.7314629258517034,33.56361582631824
0.7314629258517034,-46.48829708846476
-3.849699398797595,-82.89777191449397
0.7515030060120242,27.866344287130737
0.7515030060120242,-11.40148699760766
-3.8456913827655312,-88.77774379641288
0.7715430861723442,19.84941823191143
0.7715430861723442,-35.64859518881697
-3.8416833667334673,-106.58550370716881
0.7915831663326651,-4.089799790238498
0.7915831663326651,-51.46874468178587
-3.837675350701403,-98.02835714394799
0.811623246492986,27.191095600979544
0.811623246492986,-13.424498618044783
-3.8336673346693386,-103.46079593611357
0.831663326653306,23.783891804861803
0.831663326653306,18.06356925890699
-3.8296593186372747,-105.1234033817313
0.8517034068136269,24.663607609860964
0.8517034068136269,-19.50113862116804
-3.825651302605211,-76.0798628097991
0.8717434869739478,1.3596876293876434
0.8717434869739478,-6.911722116533088
-3.8216432865731464,-85.66785665944029
0.8917835671342687,4.215750324732822
0.8917835671342687,-18.340961190929768
-3.817635270541082,-106.40308464731191
0.9118236472945886,36.14931263357319
0.9118236472945886,-21.131324964287504
-3.813627254509018,-74.2900859453141
0.9318637274549095,19.678901456166937
0.9318637274549095,-5.941623991166709
-3.8096192384769543,-85.87374771053662
0.9519038076152304,30.414783971913362
0.9519038076152304,-24.161844651505774
-3.80561122244489,-75.50061400127544
0.9719438877755513,20.536978006614103
0.9719438877755513,-15.876912924264271
-3.8016032064128256,-78.90386097915119
0.9919839679358713,20.478405705608367
0.9919839679358713,-15.14246929388761
-3.7975951903807617,-107.81538227890334
1.0120240480961922,34.026162635664804
1.0120240480961922,-30.069451258620887
-3.7935871743486977,-102.17860952419622
1.032064128256513,12.1311055291104
1.032064128256513,-5.247588304581148
-3.7895791583166334,-75.76908530822969
1.052104208416833,21.233536275481292
1.052104208416833,-22.832671729064586
-3.785571142284569,-78.24798243679363
1.072144288577154,12.777669011591648
1.072144288577154,-31.624379050225386
-3.781563126252505,-90.61431121753063
1.0921843687374748,13.11460249244436
1.0921843687374748,-12.320306442514852
-3.777555110220441,-87.59108413656021
1.1122244488977957,14.914933743778231
1.1122244488977957,-33.92450413105774
-3.773547094188377,-64.12614683684573
1.1322645290581157,22.805262281465012
1.1322645290581157,-20.104026932503753
-3.7695390781563125,-101.25314557828612
1.1523046092184366,12.213085201587276
1.1523046092184366,-20.742470423123617
-3.7655310621242486,-78.22250293988782
1.1723446893787575,38.152082227306835
1.1723446893787575,-4.395826168822305
-3.7615230460921847,-92.95149570013598
1.1923847695390783,5.8184719143163735
1.1923847695390783,-13.641945059191777
-3.7575150300601203,-93.0049177443092
1.2124248496993983,16.356811464989637
1.2124248496993983,-21.215518253767137
-3.753507014028056,-66.41986622215164
1.2324649298597192,12.48673679815051
1.2324649298597192,-8.65080283973256
-3.749498997995992,-71.63164403177628
1.25250501002004,40.71074763663012
1.25250501002004,-0.14080739341617488
-3.745490981963928,-71.61480382236297
1.27254509018036,21.878386161422466
1.27254509018036,-12.702780890973221
-3.741482965931864,-61.52090332501223
1.292585170340681,34.33237448072267
1.292585170340681,-20.990004313656144
-3.7374749498997994,-86.95634256973769
1.3126252505010019,-3.5033523102416995
1.3126252505010019,-40.89749019993951
-3.7334669338677355,-73.48375653304542
1.3326653306613228,22.71190748080278
1.3326653306613228,-37.27055145336669
-3.7294589178356716,-93.07500388331012
1.3527054108216428,31.97751723455361
1.3527054108216428,-25.945315265117962
-3.7254509018036073,-80.13365034379966
1.3727454909819636,19.795066835914557
1.3727454909819636,-30.58187603560605
-3.721442885771543,-88.96760258636772
1.3927855711422845,34.47166249764344
1.3927855711422845,-24.315112673118513
-3.717434869739479,-84.17304138160993
1.4128256513026045,10.659726462492266
1.4128256513026045,-20.731197912545543
-3.713426853707415,-73.95849404586781
1.4328657314629254,39.48985591572675
1.4328657314629254,-13.704964371705978
-3.7094188376753507,-101.97517639679555
1.4529058116232463,52.764750311943416
1.4529058116232463,-22.776203213231703
-3.7054108216432864,-43.51259931400188
1.4729458917835672,12.771425530693628
1.4729458917835672,-14.488471405318455
-3.7014028056112225,-105.23072808504192
1.4929859719438872,11.465331219988888
1.4929859719438872,-20.88501473684773
-3.6973947895791586,-109.14464148357781
1.513026052104208,39.88368921471188
1.513026052104208,-51.549076437361705
-3.693386773547094,-61.44959328972237
1.533066132264529,41.71279346324274
1.533066132264529,-36.070819629999264
-3.68937875751503,-68.52995078517756
1.5531062124248498,10.11388458086438
1.5531062124248498,-24.20452834766083
-3.685370741482966,-71.63265421460451
1.5731462925851698,11.592889223308394
1.5731462925851698,-40.24972966287036
-3.681362725450902,-71.30043786175891
1.5931863727454907,13.609209908278848
1.5931863727454907,-13.165090008870475
-3.6773547094188377,-83.86503220925192
1.6132264529058116,-2.3890617038742876
1.6132264529058116,0.7389584467953254
-3.6733466933867733,-101.31838371485841
1.6332665330661316,3.9411113329993626
1.6332665330661316,-3.9976816942779134
-3.6693386773547094,-81.61085509534122
1.6533066132264524,2.6034995349286962
1.6533066132264524,-25.536032027743406
-3.6653306613226455,-96.4242805184645
1.6733466933867733,6.094942292075925
1.6733466933867733,-0.027202178612866668
-3.661322645290581,-63.13320131749299
1.6933867735470942,17.039549705900885
1.6933867735470942,-20.210165125265725
-3.6573146292585172,-85.33174259582265
1.7134268537074142,21.022632057607627
1.7134268537074142,-27.546878497210777
-3.6533066132264533,-98.65598677755473
1.733466933867735,40.718225608576496
1.733466933867735,-31.740321736748754
-3.649298597194389,-88.3296560603685
1.753507014028056,2.4384821351931727
1.753507014028056,-27.12325255104689
-3.6452905811623246,-73.39965465076662
1.7735470941883769,32.133518925593506
1.7735470941883769,-28.453969329673683
-3.6412825651302607,-92.68956703838215
1.7935871743486969,14.115604448647701
1.7935871743486969,-20.118319552337347
-3.637274549098197,-97.61672349039462
1.8136272545090177,16.54214788140115
1.8136272545090177,-20.307286758064393
-3.6332665330661325,-76.05625791041763
1.8336673346693386,27.367022862571574
1.8336673346693386,-22.709579217626263
-3.629258517034068,-75.78880385738462
1.8537074148296586,0.36653593940634455
1.8537074148296586,-16.23856119096393
-3.625250501002004,-90.58557811808498
1.8737474949899795,22.908205356409162
1.8737474949899795,-4.96824671455648
-3.6212424849699403,-89.62650585961894
1.8937875751503004,19.635640594846947
1.8937875751503004,-8.617830496729034
-3.617234468937876,-75.32421155586343
1.9138276553106213,24.49457843612703
1.9138276553106213,-45.16566005074377
-3.6132264529058116,-108.68681272158663
1.9338677354709413,21.41649312448258
1.9338677354709413,-61.229853557664015
-3.6092184368737477,-107.63476161434235
1.9539078156312621,53.88186982905192
1.9539078156312621,-8.932833601022388
-3.6052104208416837,-93.61517504726488
1.973947895791583,7.461970794960502
1.973947895791583,-43.47510991750108
-3.6012024048096194,-83.27648202577862
1.993987975951904,9.041165915019095
1.993987975951904,-26.365360788343892
-3.597194388777555,-72.55107953651441
2.014028056112224,7.63945716712125
2.014028056112224,-40.56513032739768
-3.593186372745491,-49.02424146771042
2.034068136272545,8.63729653082134
2.034068136272545,-50.06025324547514
-3.589178356713427,-61.14075101586889
2.0541082164328657,7.39402638380178
2.0541082164328657,-14.923225783528634
-3.585170340681363,-81.25573408105319
2.0741482965931857,34.778001244785
2.0741482965931857,-11.669919317288578
-3.5811623246492985,-78.20074958406815
2.0941883767535066,38.240825281545355
2.0941883767535066,-31.71439444920325
-3.5771543086172346,-97.63491621904141
2.1142284569138274,8.365212026890706
2.1142284569138274,-61.93922794904079
-3.5731462925851707,-77.71893631613176
2.1342685370741483,4.43690258507008
2.1342685370741483,-31.27143054215373
-3.5691382765531063,-82.88663182810004
2.1543086172344683,23.992032442151427
2.1543086172344683,-17.202140822606435
-3.565130260521042,-70.42431369345015
2.174348697394789,8.638797802239706
2.174348697394789,-45.26153006515766
-3.561122244488978,-93.18896963256122
2.19438877755511,26.420294847418745
2.19438877755511,-20.323283622226583
-3.557114228456914,-66.02352596246901
2.214428857715431,19.97721504217614
2.214428857715431,-23.29627800818829
-3.55310621242485,-45.52222271118019
2.234468937875751,-5.792813524386669
2.234468937875751,-14.367279305411866
-3.5490981963927855,-78.11918751615656
2.254509018036072,40.16887930368836
2.254509018036072,-21.249993190050272
-3.5450901803607215,-67.67717214636343
2.2745490981963927,43.910442364492184
2.2745490981963927,-37.623756845163975
-3.5410821643286576,-61.676386874664715
2.2945891783567127,7.79949408542765
2.2945891783567127,-5.060103032339185
-3.5370741482965933,-83.27197396005703
2.3146292585170336,11.197967697755779
2.3146292585170336,-25.36445249860901
-3.533066132264529,-70.53445000618069
2.3346693386773545,21.326806380395077
2.3346693386773545,-23.37074257312748
-3.529058116232465,-74.533623667084
2.3547094188376754,22.08422784983255
2.3547094188376754,-36.93164338607077
-3.525050100200401,-72.60155828604306
2.3747494989979954,26.97735491756086
2.3747494989979954,-29.55004294040425
-3.5210420841683367,-89.78532065608442
2.3947895791583163,47.28738637249631
2.3947895791583163,-36.13772241940246
-3.5170340681362724,-73.60540197709409
2.414829659318637,14.518598267370244
2.414829659318637,-25.42138421907036
-3.5130260521042085,-63.90655549569094
2.434869739478958,5.240245614887217
2.434869739478958,2.8903314850991775
-3.5090180360721446,-44.615000011742005
2.454909819639278,-3.4297290305118775
2.454909819639278,-43.318457754264315
-3.50501002004008,-54.22424109538426
2.474949899799599,6.344969690034082
2.474949899799599,-46.89450067898825
-3.501002004008016,-30.118228132392233
2.49498997995992,16.864430677383417
2.49498997995992,-0.571109817105496
-3.496993987975952,-88.30148203569551
2.5150300601202398,44.33572057561123
2.5150300601202398,-25.72250253443358
-3.492985971943888,-55.281204982295044
2.5350701402805607,9.712851149838254
2.5350701402805607,-32.55907044451792
-3.4889779559118237,-68.83429759786532
2.5551102204408815,20.897206871838947
2.5551102204408815,-6.8610420918033865
-3.4849699398797593,-28.479031715039063
2.5751503006012024,17.361158356532908
2.5751503006012024,-31.476731298428774
-3.4809619238476954,-88.21544103777892
2.5951903807615224,35.5043106273641
2.5951903807615224,5.068557228846878
-3.4769539078156315,-88.61872902378474
2.6152304609218433,55.6571514585716
2.6152304609218433,-12.077946859443689
-3.472945891783567,-83.58739345043963
2.635270541082164,9.868779127448537
2.635270541082164,-29.486860400932194
-3.468937875751503,-113.85313451472874
2.655310621242485,10.57280512938358
2.655310621242485,10.274019966139466
-3.464929859719439,-81.66643068839146
2.675350701402805,33.66338465336989
2.675350701402805,-31.08475234771627
-3.460921843687375,-86.1105240650508
2.695390781563126,28.31995554533456
2.695390781563126,-10.776986218920506
-3.4569138276553106,-67.69696565029693
2.715430861723447,45.88689005317153
2.715430861723447,-17.3243311267716
-3.4529058116232467,-63.64712199045265
2.735470941883767,27.0440334649525
2.735470941883767,-2.1887699739549884
-3.448897795591183,-32.736654041870075
2.7555110220440877,12.998741682085916
2.7555110220440877,1.8107909947945995
-3.4448897795591185,-51.02985219036269
2.7755511022044086,27.355187993157813
2.7755511022044086,-21.024572231240334
-3.440881763527054,-81.35508861661836
2.7955911823647295,35.2374401496066
2.7955911823647295,-32.69438161432977
-3.43687374749499,-87.56442351470159
2.8156312625250495,31.029966775277543
2.8156312625250495,-14.37768379859617
-3.4328657314629263,-59.53728889073262
2.8356713426853704,26.452067137900812
2.8356713426853704,-31.322773874990247
-3.428857715430862,-95.56030595685485
2.8557114228456912,34.967722915778914
2.8557114228456912,9.168411284840953
-3.4248496993987976,-32.30686287107193
2.875751503006012,36.63615390510881
2.875751503006012,-18.85524998533522
-3.4208416833667337,-45.12805863527477
2.895791583166332,39.96274225545645
2.895791583166332,-26.249465879788094
-3.4168336673346698,-77.88162305684733
2.915831663326653,29.099211199351554
2.915831663326653,-17.86123252651946
-3.4128256513026054,-102.54247527882148
2.935871743486974,17.004613619666888
2.935871743486974,-40.69550951852574
-3.408817635270541,-40.98443722683114
2.955911823647294,21.85957679228758
2.955911823647294,-34.91533908187203
-3.404809619238477,-70.13520657289871
2.9759519038076148,37.90870568639225
2.9759519038076148,-2.1827201920667205
-3.4008016032064132,-42.87103294434232
2.9959919839679356,7.713997127704485
2.9959919839679356,-29.885381992057912
-3.396793587174349,-99.29928604760909
3.0160320641282556,25.65990242927547
3.0160320641282556,-35.573861944047145
-3.3927855711422845,-79.18203080433915
3.0360721442885765,14.396349104019146
3.0360721442885765,-11.653777423161152
-3.3887775551102206,-66.87387722376049
3.0561122244488974,20.89913830393394
3.0561122244488974,-1.7464717201433668
-3.3847695390781567,-65.82378322869502
3.0761523046092183,39.821233037393654
3.0761523046092183,-8.571245241739831
-3.3807615230460923,-75.54977104613248
3.096192384769539,23.69243301350142
3.096192384769539,-4.23333771970988
-3.376753507014028,-53.876951722534095
3.11623246492986,21.709038156165896
3.11623246492986,-30.33943639471825
-3.372745490981964,-87.47226956413797
3.136272545090179,0.8062900946035576
3.136272545090179,-40.12302779182531
-3.3687374749499,-68.75378275166628
3.1563126252505,32.59472559920314
3.1563126252505,3.920926888127127
-3.364729458917836,-63.2870335731957
3.176352705410821,31.28517063857307
3.176352705410821,-23.237289661175097
-3.3607214428857715,-55.191343377577795
3.196392785571142,54.25895878602643
3.196392785571142,-21.952357310381185
-3.3567134268537075,-51.03541665710661
3.2164328657314627,17.40598691861844
3.2164328657314627,1.9455725706493219
-3.3527054108216436,-87.54857013827271
3.2364729458917836,25.527778644978632
3.2364729458917836,-9.416026128970554
-3.3486973947895793,-95.5264453350447
3.2565130260521045,26.204531342580005
3.2565130260521045,-10.697907331857207
-3.344689378757515,-39.07947825105178
3.2765531062124253,46.35426499921881
3.2765531062124253,15.167500976282959
-3.340681362725451,-57.77600598167945
3.2965931863727445,21.497208180915152
3.2965931863727445,-26.72613228898271
-3.336673346693387,-79.18170686189794
3.3166332665330653,27.351673354487865
3.3166332665330653,-2.9160476108486684
-3.3326653306613228,-32.979044520745006
3.336673346693386,32.530089641310646
3.336673346693386,-15.733161130981175
-3.3286573146292584,-61.47911685038673
3.356713426853707,26.461700886110002
3.356713426853707,-12.308551778286516
-3.3246492985971945,-39.99760857832237
3.376753507014028,17.222660668436923
3.376753507014028,6.846191282882822
-3.3206412825651306,-62.02454218674503
3.396793587174349,27.092842721983672
3.396793587174349,-8.200970827146586
-3.3166332665330662,-21.951729318335836
3.4168336673346698,40.554072401259695
3.4168336673346698,-7.475962660892394
-3.312625250501002,-27.85206302750666
3.436873747494989,9.325793659246944
3.436873747494989,0.8111332100598823
-3.308617234468938,-67.73077057940098
3.4569138276553097,26.99786722101729
3.4569138276553097,-20.47096883432913
-3.304609218436874,-43.11309161092148
3.4769539078156306,14.787229093635254
3.4769539078156306,-27.299103692362248
-3.3006012024048097,-49.43042955892178
3.4969939879759515,43.506428500167445
3.4969939879759515,-30.0914088440207
-3.2965931863727453,-34.75916983470774
3.5170340681362724,3.0306300719292345
3.5170340681362724,-43.61691519695417
-3.2925851703406814,-81.22453675948736
3.5370741482965933,17.798375629978054
3.5370741482965933,17.02531028815671
-3.2885771543086175,-47.999718651934415
3.557114228456914,32.1502645675165
3.557114228456914,-30.056039044276556
-3.284569138276553,-40.347351774103416
3.5771543086172333,50.29099167884724
3.5771543086172333,-16.510673113454445
-3.280561122244489,-96.48613786761028
3.597194388777554,26.14413210846331
3.597194388777554,-17.021813473775687
-3.276553106212425,-84.77243760306393
3.617234468937875,19.130906182984496
3.617234468937875,-7.930000449481014
-3.272545090180361,-101.68824231178523
3.637274549098196,56.01107474756989
3.637274549098196,0.029776894050490554
-3.2685370741482966,-66.08847866223024
3.657314629258517,6.414684675205999
3.657314629258517,1.0419955068458417
-3.2645290581162323,-46.146651497783566
3.6773547094188377,-4.499618550297024
3.6773547094188377,-20.263690779529874
-3.2605210420841684,-30.24792124944061
3.6973947895791586,35.4367165985805
3.6973947895791586,-13.670325859015657
-3.2565130260521045,-58.61114301160538
3.7174348697394795,21.666215251645276
3.7174348697394795,-6.564272125741061
-3.25250501002004,-27.319114301882863
3.7374749498997986,14.24561313866111
3.7374749498997986,-14.166261497131398
-3.248496993987976,-87.29225084926922
3.7575150300601194,40.56312518248883
3.7575150300601194,14.047962113298421
-3.2444889779559123,-93.55707643577881
3.7775551102204403,33.9751068447884
3.7775551102204403,-2.3172795872058103
-3.240480961923848,-60.399996696040766
3.797595190380761,22.24392721939242
3.797595190380761,1.7282734711906045
-3.2364729458917836,-51.40775752817005
3.817635270541082,11.894292408759728
3.817635270541082,1.042077418834337
-3.2324649298597197,-59.543393590787744
3.837675350701403,44.586259476717835
3.837675350701403,9.101507414795535
-3.2284569138276558,-100.03918069844177
3.857715430861724,41.659796130056684
3.857715430861724,-5.3778981587676284
-3.2244488977955914,-60.273987117113705
3.877755511022043,30.833405445771525
3.877755511022043,-27.13143581687543
-3.220440881763527,-84.38263114033083
3.897795591182364,60.44179760774308
3.897795591182364,-1.2624380566822868
-3.216432865731463,-44.701851744857755
3.9178356713426847,17.119153048637756
3.9178356713426847,-16.599928863347394
-3.2124248496993992,-50.56580579228196
3.9378757515030056,10.722759757252897
3.9378757515030056,-14.323612905122372
-3.208416833667335,-76.49824044874882
3.9579158316633265,23.66930824074709
3.9579158316633265,2.843389570292155
-3.2044088176352705,-67.78126270582752
3.9779559118236474,33.813558490878755
3.9779559118236474,13.07159480771576
-3.2004008016032066,-78.49187967636054
3.9979959919839683,38.60403569185661
3.9979959919839683,-4.726982396942843
-3.1963927855711427,-58.36528091981547
4.018036072144287,31.79922235769165
4.018036072144287,0.05025841452105695
-3.1923847695390783,-37.81334677006717
4.038076152304608,41.16968579364268
4.038076152304608,21.422079015456795
-3.188376753507014,-76.4356123961989
4.058116232464929,17.59417573949032
4.058116232464929,-0.021435205324493722
-3.18436873747495,-46.445463145870164
4.07815631262525,58.509517345047556
4.07815631262525,35.87829499665459
-3.180360721442886,-66.93725112144455
4.098196392785571,36.11397900400061
4.098196392785571,5.828891364362308
-3.176352705410822,-71.99566362172772
4.118236472945892,54.606348053146206
4.118236472945892,-28.56453080801297
-3.1723446893787575,-58.08532493646026
4.138276553106213,43.495968467075485
4.138276553106213,9.65521258797791
-3.1683366733466936,-76.45647709873481
4.158316633266534,45.72212633260866
4.158316633266534,4.588203818543569
-3.1643286573146296,-66.63193143604589
4.178356713426853,47.94068739363911
4.178356713426853,18.740469501397232
-3.1603206412825653,-79.32421923909754
4.1983967935871735,46.64081539538803
4.1983967935871735,10.022907264177682
-3.156312625250501,-15.880275780361309
4.218436873747494,50.10474414738762
4.218436873747494,-1.6129370103821437
-3.152304609218437,-54.27802505746
4.238476953907815,60.94766169403685
4.238476953907815,-17.3540998022901
-3.148296593186373,-68.78672413547548
4.258517034068136,44.51246580783396
4.258517034068136,-1.5707005969784724
-3.1442885771543088,-50.321933473878936
4.278557114228457,52.76183096314258
4.278557114228457,-10.63103221382461
-3.1402805611222444,-56.65780984321679
4.298597194388778,41.35076562790681
4.298597194388778,-6.011050704855634
-3.1362725450901805,-58.64075706248545
4.318637274549097,64.87653411191073
4.318637274549097,12.10345194647777
-3.1322645290581166,-41.74854596864398
4.338677354709418,33.714862871442065
4.338677354709418,28.909314967602207
-3.1282565130260522,-38.692638955215344
4.358717434869739,71.4688703915207
4.358717434869739,10.37483684520318
-3.124248496993988,-64.26412719766518
4.37875751503006,44.454504396241404
4.37875751503006,-12.881372274621206
-3.120240480961924,-64.98217766397237
4.398797595190381,24.20549843386046
4.398797595190381,12.336164988933293
-3.11623246492986,-58.77895252975353
4.4188376753507015,48.207132339850105
4.4188376753507015,24.23503841587303
-3.1122244488977957,-99.12884436077867
4.438877755511022,36.696470534610405
4.438877755511022,-2.234498168057115
-3.1082164328657313,-83.2071411467756
4.4589178356713415,60.15686433125389
4.4589178356713415,5.536953596329269
-3.1042084168336674,-25.379129361729635
4.478957915831662,38.401151814876606
4.478957915831662,8.410834425350426
-3.1002004008016035,-19.63095083317475
4.498997995991983,42.14944341163607
4.498997995991983,-2.931279786375832
-3.096192384769539,-57.32511148535976
4.519038076152304,21.159198637731752
4.519038076152304,19.226516109572604
-3.092184368737475,-40.627731836286884
4.539078156312625,43.38630908100308
4.539078156312625,8.356681640622504
-3.088176352705411,-45.748742835526514
4.559118236472946,14.48983610305276
4.559118236472946,17.141012661092525
-3.084168336673347,9.788601374200738
4.579158316633267,27.77518193702837
4.579158316633267,-1.778658377717278
-3.0801603206412826,-29.21317908791774
4.599198396793588,63.63426686154087
4.599198396793588,5.666172514525254
-3.0761523046092183,-53.97908493481513
4.619238476953907,64.71804486159198
4.619238476953907,23.766762849246064
-3.0721442885771544,-70.34799058637086
4.639278557114228,60.0246223926039
4.639278557114228,8.050261684452924
-3.0681362725450905,-83.18294934293509
4.6593186372745485,39.85860261359382
4.6593186372745485,40.26770252903309
-3.064128256513026,-46.801983491805984
4.679358717434869,54.376877812963386
4.679358717434869,9.098005370874048
-3.0601202404809618,-65.81589610783558
4.69939879759519,55.776679352309955
4.69939879759519,19.200988324946774
-3.056112224448898,-78.9519717224211
4.719438877755511,39.20233056252596
4.719438877755511,30.56666337851045
-3.052104208416834,-63.25676249264204
4.739478957915832,79.88482135599301
4.739478957915832,-3.9416391645097235
-3.0480961923847696,-71.7750627200958
4.759519038076151,71.25933787367431
4.759519038076151,-8.313228664672394
-3.0440881763527057,-16.2204579627523
4.779559118236472,55.5585566387856
4.779559118236472,-4.011825472320858
-3.0400801603206418,-32.150073331676296
4.799599198396793,60.059529897133416
4.799599198396793,38.595003863623184
-3.0360721442885774,-49.762288507212155
4.819639278557114,63.57436312136311
4.819639278557114,12.170748813763126
-3.032064128256513,-19.82430913073332
4.839679358717435,30.62418057882514
4.839679358717435,59.62319289021328
-3.028056112224449,-47.696570614361825
4.859719438877756,58.35337767268136
4.859719438877756,13.597324430629492
-3.0240480961923852,-66.29075389747284
4.8797595190380765,52.65140998724118
4.8797595190380765,25.649443255163717
-3.020040080160321,-18.4241092876076
4.899799599198396,48.68635763607505
4.899799599198396,46.84230707301692
-3.0160320641282565,-37.9302983935873
4.9198396793587165,60.33303453822887
4.9198396793587165,54.64093225390504
-3.0120240480961926,-69.27571787396263
4.939879759519037,92.36316334016502
4.939879759519037,56.320419086968144
-3.0080160320641287,-52.160250568818796
4.959919839679358,75.86832851037173
4.959919839679358,44.38117905026371
-3.0040080160320644,-65.68891060780166
4.979959919839679,58.55536283576528
4.979959919839679,42.48398556967916
-3.0,-75.65599461928673
5.0,76.58874172034237
5.0,36.88790423801775
